Current,0
Other,0.40684005546674046
Utilization,0.17530827015455758
Pacing,0.10303485699998957
Reframing,0.09866260912127553
Suggestion,0.07586538029690697
Truism,0.07358931465794218
Double Bind,0.03843263912300868
Confusion,0.02826687417957896
