Phase,CONFUSION,DOUBLE_BIND,OTHER,PACING,REFRAMING,SUGGESTION,TRUISM,UTILIZATION
1_Beginning,2.7853881278538815,3.287671232876712,41.050228310502284,10.684931506849315,8.949771689497716,7.899543378995435,6.712328767123288,18.63013698630137
2_Middle,2.9317453046266606,4.67246907924874,41.181859825927624,9.34493815849748,8.886852954649564,7.7416399450297755,7.100320659642693,18.140174072377462
3_Ending,2.7494456762749446,3.5476718403547673,39.82261640798227,10.864745011086473,11.707317073170733,7.095343680709535,8.248337028824833,15.96452328159645
